---
tags:
  - MySQL
create_time: 2025-03-27T23:31:00
update_time: 2025/03/27 23:31
---

## 行转列

有一张学生成绩表，表中的一条记录对应着某一个学生的某课成绩，此时如果希望将一个学生的多门课程成绩显示在一行，该如何实现呢？类似于由下方左边部分的显示格式转换为右边部分的显示格式。

```powershell
+----+------+---------+-------+
| id | name | subject | score |
+----+------+---------+-------+
|  1 | 张三 | 语文    |  80.0 |
|  2 | 张三 | 数学    | 100.0 |
|  3 | 张三 | 英语    |  91.0 |
|  4 | 李四 | 语文    |  77.0 |
|  5 | 李四 | 数学    |  90.5 |
|  6 | 李四 | 英语    |  69.0 |
|  7 | 王五 | 语文    |  91.0 |
|  8 | 王五 | 数学    |  60.0 |
|  9 | 王五 | 英语    |  82.0 |
+----+------+---------+-------+
```

```powershell
+------+------+-------+------+
| 姓名 | 语文 | 数学  | 英语 |
+------+------+-------+------+
| 张三 | 80.0 | 100.0 | 91.0 |
| 李四 | 77.0 |  90.5 | 69.0 |
| 王五 | 91.0 |  60.0 | 82.0 |
+------+------+-------+------+
```

### 准备工作

创建一张成绩表`t_score`：

```sql
CREATE TABLE IF NOT EXISTS `t_score` (
    id      INT PRIMARY KEY auto_increment,
    name    VARCHAR(50) NOT NULL,
    subject VARCHAR(10) NOT NULL,
    score   DECIMAL(4, 1) DEFAULT 0
);
```

插入数据：

```sql
INSERT INTO `t_score`(`name`, `subject`, `score`)
VALUES ('张三', '语文', 80),
       ('张三', '数学', 100),
       ('张三', '英语', 91),
       ('李四', '语文', 77),
       ('李四', '数学', 90.5),
       ('李四', '英语', 69),
       ('王五', '语文', 91),
       ('王五', '数学', 60),
       ('王五', '英语', 82);
```

为了方便观察，<font style="color:#000000;">查询一下数据表中的内容</font>：

```powershell
mysql> select * from `t_score`;
+----+------+---------+-------+
| id | name | subject | score |
+----+------+---------+-------+
|  1 | 张三 | 语文    |  80.0 |
|  2 | 张三 | 数学    | 100.0 |
|  3 | 张三 | 英语    |  91.0 |
|  4 | 李四 | 语文    |  77.0 |
|  5 | 李四 | 数学    |  90.5 |
|  6 | 李四 | 英语    |  69.0 |
|  7 | 王五 | 语文    |  91.0 |
|  8 | 王五 | 数学    |  60.0 |
|  9 | 王五 | 英语    |  82.0 |
+----+------+---------+-------+
9 rows in set (0.01 sec)
```

### 实现

如果想实现上面的效果，需要借助 <font style="background-color:#F1A2AB;">CASE WHEN</font> 表达式，其有两种形式：

+ CASE WHEN 表达式1 THEN 结果1 [WHEN 表达式2 THEN 结果2 ...] [ELSE 默认结果] END；
+ CASE 待比较表达式 WHEN 表达式1 THEN 结果1 [WHEN 表达式2 THEN 结果2 ...] [ELSE 默认结果] END。

这里随便用一种就行，我采用的是第二种形式，查询语句如下所示：

```sql
select `name` as '姓名',
       CASE WHEN subject = '语文' THEN `score` ELSE 0 END as '语文',
       CASE WHEN subject = '数学' THEN `score` ELSE 0 END as '数学',
       CASE WHEN subject = '英语' THEN `score` ELSE 0 END as '英语'
from `t_score`;
```

查询结果如下所示：

```powershell
+------+------+-------+------+
| 姓名 | 语文 | 数学  | 英语 |
+------+------+-------+------+
| 张三 | 80.0 |     0 |    0 |
| 张三 |    0 | 100.0 |    0 |
| 张三 |    0 |     0 | 91.0 |
| 李四 | 77.0 |     0 |    0 |
| 李四 |    0 |  90.5 |    0 |
| 李四 |    0 |     0 | 69.0 |
| 王五 | 91.0 |     0 |    0 |
| 王五 |    0 |  60.0 |    0 |
| 王五 |    0 |     0 | 82.0 |
+------+------+-------+------+
```

可以看到结果中每一行记录都对应一个学生的某一课成绩，但是好像还差点意思！如果此时按照学生姓名分组之后再对每一课成绩进行求和，是不是就得到咱们想要的效果了呢？

```sql
select `name` as '姓名',
       SUM(CASE WHEN subject = '语文' THEN `score` ELSE 0 END) as '语文',
       SUM(CASE WHEN subject = '数学' THEN `score` ELSE 0 END) as '数学',
       SUM(CASE WHEN subject = '英语' THEN `score` ELSE 0 END) as '英语'
from `t_score`
group by `name`;
```

查询结果如下所示：

```powershell
+------+------+-------+------+
| 姓名 | 语文 | 数学  | 英语 |
+------+------+-------+------+
| 张三 | 80.0 | 100.0 | 91.0 |
| 李四 | 77.0 |  90.5 | 69.0 |
| 王五 | 91.0 |  60.0 | 82.0 |
+------+------+-------+------+
```

可以看到一个学生的多门课程成绩都已经显示在一行！

如果你使用DataGrip编写SQL语句的话，相信已经提示你：CASE 可被替换为 'IF' 函数，说明使用 IF 函数是更优解，同样可以达到效果。

```sql
select `name` as '姓名',
       SUM(IF(subject = '语文', `score`, 0)) as '语文',
       SUM(IF(subject = '数学', `score`, 0)) as '数学',
       SUM(IF(subject = '英语', `score`, 0)) as '英语'
from `t_score`
group by `name`;
```

## 列转行

有一张学生成绩表，表中的一条记录对应着某一个学生的多门课程成绩，此时如果希望将一个学生的每门课程成绩单独显示在一行，那么又该如何实现呢？类似于由下方左边部分的显示格式转换为右边部分的显示格式。

```powershell
+------+------+-------+------+
| 姓名 | 语文 | 数学  | 英语 |
+------+------+-------+------+
| 张三 | 80.0 | 100.0 | 91.0 |
| 李四 | 77.0 |  90.5 | 69.0 |
| 王五 | 91.0 |  60.0 | 82.0 |
+------+------+-------+------+
```

```powershell
+------+---------+-------+
| name | subject | score |
+------+---------+-------+
| 张三 | 语文    |  80.0 |
| 张三 | 数学    | 100.0 |
| 张三 | 英语    |  91.0 |
| 李四 | 语文    |  77.0 |
| 李四 | 数学    |  90.0 |
| 李四 | 英语    |  69.0 |
| 王五 | 语文    |  91.0 |
| 王五 | 数学    |  60.0 |
| 王五 | 英语    |  82.0 |
+------+---------+-------+
```

### 准备工作

创建另外一张成绩表`t_score1`：

```sql
CREATE TABLE IF NOT EXISTS `t_score1` (
    id         INT PRIMARY KEY auto_increment,
    name       VARCHAR(50) NOT NULL,
    cn_score   DECIMAL(4, 1) DEFAULT 0 COMMENT '语文成绩',
    math_score DECIMAL(4, 1) DEFAULT 0 COMMENT '数学成绩',
    en_score   DECIMAL(4, 1) DEFAULT 0 COMMENT '英语成绩'
);
```

插入数据：

```sql
INSERT INTO `t_score1`(`name`, `cn_score`, `math_score`, `en_score`)
VALUES ('张三', 80, 100, 91),
       ('李四', 77, 90, 69),
       ('王五', 91, 60, 82);
```

为了方便观察，<font style="color:#000000;">查询一下数据表中的内容</font>：

```powershell
mysql> select * from `t_score1`;
+----+------+----------+------------+----------+
| id | name | cn_score | math_score | en_score |
+----+------+----------+------------+----------+
|  1 | 张三 |     80.0 |      100.0 |     91.0 |
|  2 | 李四 |     77.0 |       90.0 |     69.0 |
|  3 | 王五 |     91.0 |       60.0 |     82.0 |
+----+------+----------+------------+----------+
3 rows in set (0.00 sec)
```

### 实现

如果想实现上面的效果，先将每科成绩单独查询出来，然后再使用 <font style="background-color:#F1A2AB;">UNION ALL</font> 将所有的结果集合并。

```sql
SELECT `name`, '语文' AS subject, cn_score AS 'score'
FROM `t_score1`
UNION ALL
SELECT `name`, '数学' AS subject, math_score AS 'score'
FROM `t_score1`
UNION ALL
SELECT `name`, '英语' AS subject, en_score AS 'score'
FROM `t_score1`
ORDER BY `name`;
```

查询结果如下所示：

```powershell
+------+---------+-------+
| name | subject | score |
+------+---------+-------+
| 张三 | 语文    |  80.0 |
| 张三 | 数学    | 100.0 |
| 张三 | 英语    |  91.0 |
| 李四 | 语文    |  77.0 |
| 李四 | 数学    |  90.0 |
| 李四 | 英语    |  69.0 |
| 王五 | 语文    |  91.0 |
| 王五 | 数学    |  60.0 |
| 王五 | 英语    |  82.0 |
+------+---------+-------+
```

可以看到显示格式又还原回去了！🎉🎉🎉
